Crime Group,Count,Percentage
Other,12325,38.93047790517704
Murder,5974,18.869831643450517
Robbery,3291,10.395148299061878
Burglary,2870,9.065352664329259
Assault,2747,8.67683755014372
Weapon Offense,2597,8.203038630405256
Rape,1422,4.4916137591206295
Sexual Abuse,302,0.9539151584067722
Drug Offense,107,0.33797656274677024
Theft,24,0.07580782715815408
